{
  "LinearRegression": {
    "mae": 72.46329857448026,
    "rmse": 90.7625501594963,
    "r2": 0.9933998760977518,
    "cv_mae_mean": 93.8880750330306,
    "cv_mae_std": 1.5617196125555952
  },
  "RandomForest": {
    "mae": 31.025052330869535,
    "rmse": 54.279708013277336,
    "r2": 0.9976394472243363,
    "cv_mae_mean": 50.60305440189745,
    "cv_mae_std": 0.8289842148190135
  },
  "XGBoost": {
    "mae": 46.57242561386199,
    "rmse": 65.71515994426343,
    "r2": 0.9965400498034739,
    "cv_mae_mean": 50.988623695408926,
    "cv_mae_std": 0.8582347005900253
  }
}