{
  "LinearRegression": {
    "mae": 210.10247680043625,
    "rmse": 295.27813858269155,
    "r2": 0.9301443886466142,
    "cv_mae_mean": 209.27748712993085,
    "cv_mae_std": 2.347186262673923
  },
  "RandomForest": {
    "mae": 138.86740468602602,
    "rmse": 220.77137440106452,
    "r2": 0.960949712860938,
    "cv_mae_mean": 116.8158036528102,
    "cv_mae_std": 1.3735703377826365
  },
  "XGBoost": {
    "mae": 152.8261923687192,
    "rmse": 231.94155842833555,
    "r2": 0.9568981559992402,
    "cv_mae_mean": 114.75060630574929,
    "cv_mae_std": 1.3711773310121163
  }
}